,User_name,user_list,user_count
0, Dianneesmuytriste ,[' Dianneesmuytriste '],1
1, chansuzette,[' chansuzette'],1
2,-Unknown-,['-Unknown-'],1
3,.rose,['.rose'],1
4,2019cj,['2019cj'],1
5,4heads,['4heads'],1
6,553604,['553604'],1
7,AAAlice01 ,['AAAlice01 '],1
8,AF1003,['AF1003'],1
9,Abbie_g,['Abbie_g'],1
10,AdrianKJ,['AdrianKJ'],1
11,Airyoko,['Airyoko'],1
12,Akrasiarage1336,"['Akrasiarage1336', 'Akrasiarage1336', 'Akrasiarage1336']",3
13,Alex05Andria,['Alex05Andria'],1
14,Alexo_eats,"['Alexo_eats', 'Alexo_eats', 'Alexo_eats', 'Alexo_eats', 'Alexo_eats', 'Alexo_eats', 'Alexo_eats', 'Alexo_eats', 'Alexo_eats', 'Alexo_eats', 'Alexo_eats', 'Alexo_eats', 'Alexo_eats', 'Alexo_eats', 'Alexo_eats', 'Alexo_eats', 'Alexo_eats', 'Alexo_eats', 'Alexo_eats', 'Alexo_eats', 'Alexo_eats', 'Alexo_eats', 'Alexo_eats', 'Alexo_eats']",24
15,AlishasJourney,['AlishasJourney'],1
16,AlixOfAquitaine,['AlixOfAquitaine'],1
17,AllysonC,['AllysonC'],1
18,Altina,['Altina'],1
19,Alyshabrianna,['Alyshabrianna'],1
20,Amena90,['Amena90'],1
21,Amye28n ,"['Amye28n ', 'Amye28n ']",2
22,AndiTutti,"['AndiTutti', 'AndiTutti']",2
23,Angeldav,['Angeldav'],1
24,Ann7743,"['Ann7743', 'Ann7743', 'Ann7743', 'Ann7743']",4
25,Annies_Journey,['Annies_Journey'],1
26,AnonymousJoe,['AnonymousJoe'],1
27,Aria607,['Aria607'],1
28,Ashiz1989,['Ashiz1989'],1
29,Astarael,['Astarael'],1
30,AstoriaHeaven,['AstoriaHeaven'],1
31,AugRugBelle,['AugRugBelle'],1
32,BEDHurts,['BEDHurts'],1
33,Bambi1st,['Bambi1st'],1
34,Bea91,['Bea91'],1
35,Beachykeen,['Beachykeen'],1
36,BeatEdnos91,['BeatEdnos91'],1
37,Beckyyx,['Beckyyx'],1
38,Bergamot4,['Bergamot4'],1
39,BigGalaxy,['BigGalaxy'],1
40,BitterMeringue,['BitterMeringue'],1
41,BluKitten,['BluKitten'],1
42,BlueAngel2,['BlueAngel2'],1
43,BlueHughes,['BlueHughes'],1
44,BlueMermaid19,['BlueMermaid19'],1
45,Brigid94,['Brigid94'],1
46,Buddy58,['Buddy58'],1
47,Bun4curls,"['Bun4curls', 'Bun4curls', 'Bun4curls', 'Bun4curls', 'Bun4curls', 'Bun4curls', 'Bun4curls', 'Bun4curls', 'Bun4curls', 'Bun4curls', 'Bun4curls', 'Bun4curls', 'Bun4curls', 'Bun4curls', 'Bun4curls', 'Bun4curls', 'Bun4curls']",17
48,Butterflygirl,['Butterflygirl'],1
49,C964o,['C964o'],1
50,CASACERA,"['CASACERA', 'CASACERA', 'CASACERA', 'CASACERA', 'CASACERA', 'CASACERA', 'CASACERA', 'CASACERA', 'CASACERA', 'CASACERA', 'CASACERA', 'CASACERA', 'CASACERA', 'CASACERA', 'CASACERA', 'CASACERA', 'CASACERA', 'CASACERA', 'CASACERA', 'CASACERA', 'CASACERA', 'CASACERA', 'CASACERA', 'CASACERA', 'CASACERA', 'CASACERA', 'CASACERA', 'CASACERA', 'CASACERA', 'CASACERA', 'CASACERA', 'CASACERA', 'CASACERA', 'CASACERA', 'CASACERA', 'CASACERA', 'CASACERA', 'CASACERA', 'CASACERA', 'CASACERA', 'CASACERA', 'CASACERA', 'CASACERA', 'CASACERA', 'CASACERA', 'CASACERA', 'CASACERA', 'CASACERA', 'CASACERA', 'CASACERA', 'CASACERA', 'CASACERA', 'CASACERA', 'CASACERA', 'CASACERA', 'CASACERA', 'CASACERA', 'CASACERA', 'CASACERA', 'CASACERA', 'CASACERA', 'CASACERA', 'CASACERA', 'CASACERA', 'CASACERA', 'CASACERA', 'CASACERA', 'CASACERA']",68
51,CP1218,"['CP1218', 'CP1218', 'CP1218']",3
52,CTwoman61,['CTwoman61'],1
53,Caitirea,['Caitirea'],1
54,Cali-flower,['Cali-flower'],1
55,Cassidy2332,['Cassidy2332'],1
56,CatholicRose,['CatholicRose'],1
57,Charliebarr,"['Charliebarr', 'Charliebarr', 'Charliebarr', 'Charliebarr', 'Charliebarr', 'Charliebarr', 'Charliebarr', 'Charliebarr', 'Charliebarr', 'Charliebarr', 'Charliebarr', 'Charliebarr', 'Charliebarr', 'Charliebarr', 'Charliebarr', 'Charliebarr', 'Charliebarr', 'Charliebarr', 'Charliebarr', 'Charliebarr', 'Charliebarr', 'Charliebarr', 'Charliebarr', 'Charliebarr', 'Charliebarr']",25
58,Charliegirl,['Charliegirl'],1
59,Chefcbc7,['Chefcbc7'],1
60,Claim_staker,['Claim_staker'],1
61,Claire.a,['Claire.a'],1
62,Clarissat,['Clarissat'],1
63,Clhlamb,"['Clhlamb', 'Clhlamb']",2
64,CoffeeCup,['CoffeeCup'],1
65,CollegeKid,['CollegeKid'],1
66,Collegestudent1105,['Collegestudent1105'],1
67,Constantlyconfused,"['Constantlyconfused', 'Constantlyconfused']",2
68,Crystalm0223,['Crystalm0223'],1
69,Csiwarga,['Csiwarga'],1
70,Cwooldri227 ,['Cwooldri227 '],1
71,Daisy511,['Daisy511'],1
72,Damaya,['Damaya'],1
73,Dancinggirl ,['Dancinggirl '],1
74,DaniMRose08,['DaniMRose08'],1
75,Darlene1220,['Darlene1220'],1
76,Darrydo,['Darrydo'],1
77,DartingTrout,['DartingTrout'],1
78,DeadSouls,['DeadSouls'],1
79,Deedee2018,['Deedee2018'],1
80,Dini67,['Dini67'],1
81,EBirdy,['EBirdy'],1
82,EKLEL520,['EKLEL520'],1
83,Eddieking,['Eddieking'],1
84,Egg36,['Egg36'],1
85,Ehague,['Ehague'],1
86,Eisblume01,"['Eisblume01', 'Eisblume01', 'Eisblume01', 'Eisblume01', 'Eisblume01', 'Eisblume01', 'Eisblume01', 'Eisblume01', 'Eisblume01', 'Eisblume01', 'Eisblume01', 'Eisblume01', 'Eisblume01', 'Eisblume01', 'Eisblume01', 'Eisblume01', 'Eisblume01', 'Eisblume01']",18
87,Elene97,['Elene97'],1
88,Eli0806,"['Eli0806', 'Eli0806', 'Eli0806', 'Eli0806', 'Eli0806', 'Eli0806', 'Eli0806', 'Eli0806', 'Eli0806']",9
89,Elinorskies,['Elinorskies'],1
90,Eliza_hpw,['Eliza_hpw'],1
91,Elizabeth.patte...,['Elizabeth.patte...'],1
92,Elleagain,['Elleagain'],1
93,Elvira,"['Elvira', 'Elvira', 'Elvira', 'Elvira', 'Elvira', 'Elvira', 'Elvira']",7
94,EnnaMe,['EnnaMe'],1
95,ErenValentine,['ErenValentine'],1
96,Esmith91894 ,['Esmith91894 '],1
97,Esralita04,"['Esralita04', 'Esralita04']",2
98,EstravenAi,['EstravenAi'],1
99,Eva123,['Eva123'],1
100,FatJosh,['FatJosh'],1
101,FearfullyMade,"['FearfullyMade', 'FearfullyMade']",2
102,Fireopal88,['Fireopal88'],1
103,Fixxxer_3,"['Fixxxer_3', 'Fixxxer_3']",2
104,Fluteplayer45,['Fluteplayer45'],1
105,GabbiG,"['GabbiG', 'GabbiG', 'GabbiG', 'GabbiG', 'GabbiG', 'GabbiG', 'GabbiG', 'GabbiG', 'GabbiG', 'GabbiG', 'GabbiG', 'GabbiG', 'GabbiG', 'GabbiG', 'GabbiG', 'GabbiG', 'GabbiG', 'GabbiG', 'GabbiG']",19
106,Gabri,['Gabri'],1
107,GeordieGirl,['GeordieGirl'],1
108,Goatgate,['Goatgate'],1
109,Goingtogethealthy,['Goingtogethealthy'],1
110,Hadenoughnow,['Hadenoughnow'],1
111,HannahT149,['HannahT149'],1
112,HappyCat,['HappyCat'],1
113,Helpmeplease,['Helpmeplease'],1
114,HeroCat,"['HeroCat', 'HeroCat', 'HeroCat', 'HeroCat', 'HeroCat', 'HeroCat']",6
115,Hooky77,['Hooky77'],1
116,HopeHappiness,['HopeHappiness'],1
117,Hopeforall,['Hopeforall'],1
118,HopefulTot,['HopefulTot'],1
119,HorrorGirl02,['HorrorGirl02'],1
120,Horsegal18,['Horsegal18'],1
121,HumanBean,['HumanBean'],1
122,Humming_Bird_Woman,['Humming_Bird_Woman'],1
123,IWannaBeatThisS...,['IWannaBeatThisS...'],1
124,Iamnotarobot,['Iamnotarobot'],1
125,Iamthestorm,['Iamthestorm'],1
126,Imgonnawin,['Imgonnawin'],1
127,JATung,['JATung'],1
128,JJChambers12,['JJChambers12'],1
129,Jadzia28,['Jadzia28'],1
130,Jake-NewEngland,['Jake-NewEngland'],1
131,Jayge,"['Jayge', 'Jayge', 'Jayge', 'Jayge', 'Jayge']",5
132,Jean1234,['Jean1234'],1
133,Jeml29,['Jeml29'],1
134,Jemmi,['Jemmi'],1
135,JenFos,['JenFos'],1
136,Jennaxlaine,['Jennaxlaine'],1
137,Jennj,['Jennj'],1
138,Jenny_D,['Jenny_D'],1
139,JessJo,['JessJo'],1
140,Jewbaby07,['Jewbaby07'],1
141,Jis18,['Jis18'],1
142,Jmmd85,['Jmmd85'],1
143,JoMary18,['JoMary18'],1
144,Journey24,['Journey24'],1
145,JuliaK,['JuliaK'],1
146,Karasi3191,['Karasi3191'],1
147,Katdancer,['Katdancer'],1
148,Katrugg46,['Katrugg46'],1
149,KayAreEss6,"['KayAreEss6', 'KayAreEss6', 'KayAreEss6']",3
150,Kaydeed,['Kaydeed'],1
151,Kban1995,['Kban1995'],1
152,Kelly.schep,['Kelly.schep'],1
153,Kermitment,['Kermitment'],1
154,Kgd10,"['Kgd10', 'Kgd10']",2
155,Kimmiekins,['Kimmiekins'],1
156,Km1992,['Km1992'],1
157,KoraBoraBean,['KoraBoraBean'],1
158,Kshaye26,"['Kshaye26', 'Kshaye26', 'Kshaye26', 'Kshaye26', 'Kshaye26', 'Kshaye26', 'Kshaye26', 'Kshaye26']",8
159,Kyrie,['Kyrie'],1
160,L_edrecovery,"['L_edrecovery', 'L_edrecovery']",2
161,Ladybug0805,['Ladybug0805'],1
162,LadybugRecovery,['LadybugRecovery'],1
163,Laila ,['Laila '],1
164,Lanacarey01,['Lanacarey01'],1
165,Landizzity,['Landizzity'],1
166,Laowai,['Laowai'],1
167,LastOneFastOne,"['LastOneFastOne', 'LastOneFastOne']",2
168,Laura413,"['Laura413', 'Laura413']",2
169,LauraE,['LauraE'],1
170,Laurie24,['Laurie24'],1
171,Leadread,['Leadread'],1
172,Lilly.0816,"['Lilly.0816', 'Lilly.0816', 'Lilly.0816', 'Lilly.0816']",4
173,Lilopilo2,['Lilopilo2'],1
174,Linny615,['Linny615'],1
175,LittleLaura,['LittleLaura'],1
176,Livemylife,['Livemylife'],1
177,Lizuli26,"['Lizuli26', 'Lizuli26', 'Lizuli26']",3
178,Lizzbanton15 ,['Lizzbanton15 '],1
179,LoisLane,['LoisLane'],1
180,London1621,"['London1621', 'London1621', 'London1621', 'London1621', 'London1621', 'London1621', 'London1621', 'London1621', 'London1621', 'London1621', 'London1621', 'London1621', 'London1621', 'London1621', 'London1621', 'London1621', 'London1621', 'London1621', 'London1621', 'London1621', 'London1621', 'London1621', 'London1621', 'London1621', 'London1621', 'London1621', 'London1621', 'London1621', 'London1621', 'London1621', 'London1621', 'London1621', 'London1621', 'London1621', 'London1621', 'London1621', 'London1621', 'London1621', 'London1621', 'London1621', 'London1621', 'London1621', 'London1621', 'London1621', 'London1621', 'London1621', 'London1621', 'London1621', 'London1621', 'London1621', 'London1621', 'London1621', 'London1621', 'London1621', 'London1621', 'London1621', 'London1621', 'London1621', 'London1621', 'London1621', 'London1621', 'London1621', 'London1621', 'London1621', 'London1621', 'London1621', 'London1621', 'London1621', 'London1621', 'London1621', 'London1621', 'London1621', 'London1621', 'London1621', 'London1621', 'London1621', 'London1621', 'London1621', 'London1621', 'London1621', 'London1621', 'London1621', 'London1621', 'London1621', 'London1621', 'London1621', 'London1621', 'London1621']",88
181,LostBear,['LostBear'],1
182,LouiseTwentySom...,['LouiseTwentySom...'],1
183,LovelyLaura175 ,"['LovelyLaura175 ', 'LovelyLaura175 ', 'LovelyLaura175 ', 'LovelyLaura175 ']",4
184,Lulu_1983,"['Lulu_1983', 'Lulu_1983', 'Lulu_1983', 'Lulu_1983']",4
185,MONICA522,['MONICA522'],1
186,Madbeaver10,['Madbeaver10'],1
187,Madge87,['Madge87'],1
188,Madi_Miethke,['Madi_Miethke'],1
189,Mads21,['Mads21'],1
190,Magicalmermaid,"['Magicalmermaid', 'Magicalmermaid']",2
191,Marksmith0087,['Marksmith0087'],1
192,MarvelLover,['MarvelLover'],1
193,MatthiasJabs,['MatthiasJabs'],1
194,MelindaBlas,['MelindaBlas'],1
195,Merrillclaire,['Merrillclaire'],1
196,Michele1994,"['Michele1994', 'Michele1994']",2
197,Mickey01,['Mickey01'],1
198,Miggi,"['Miggi', 'Miggi', 'Miggi', 'Miggi']",4
199,Minkov,['Minkov'],1
200,MishellOvercoming,['MishellOvercoming'],1
201,Miss_the_old_me,"['Miss_the_old_me', 'Miss_the_old_me', 'Miss_the_old_me', 'Miss_the_old_me']",4
202,Missyd,['Missyd'],1
203,Mldaniel2015,"['Mldaniel2015', 'Mldaniel2015', 'Mldaniel2015', 'Mldaniel2015', 'Mldaniel2015', 'Mldaniel2015', 'Mldaniel2015', 'Mldaniel2015']",8
204,Mollyyyannrose,"['Mollyyyannrose', 'Mollyyyannrose']",2
205,MotherMay2,['MotherMay2'],1
206,Ms.ex,['Ms.ex'],1
207,MultigrainCheerio,['MultigrainCheerio'],1
208,MusicxArt,['MusicxArt'],1
209,MuzikMuse500,"['MuzikMuse500', 'MuzikMuse500', 'MuzikMuse500', 'MuzikMuse500', 'MuzikMuse500', 'MuzikMuse500', 'MuzikMuse500', 'MuzikMuse500', 'MuzikMuse500', 'MuzikMuse500']",10
210,Mystikos,['Mystikos'],1
211,NJsharon,['NJsharon'],1
212,Nate37,['Nate37'],1
213,Nathan44,"['Nathan44', 'Nathan44']",2
214,Nelle_Marie,['Nelle_Marie'],1
215,Newgirl,['Newgirl'],1
216,Newplace,['Newplace'],1
217,Nicola,['Nicola'],1
218,Nicolebonanni,['Nicolebonanni'],1
219,NikkiLincoln,['NikkiLincoln'],1
220,NinjaSocks,['NinjaSocks'],1
221,Nordicskier,['Nordicskier'],1
222,NotSoSkinnyNinny,['NotSoSkinnyNinny'],1
223,Notlivingthedream,['Notlivingthedream'],1
224,Notsickenough19,['Notsickenough19'],1
225,Notsickenough22,"['Notsickenough22', 'Notsickenough22']",2
226,NyloR89,"['NyloR89', 'NyloR89']",2
227,Nymeria,['Nymeria'],1
228,Oakleaf,"['Oakleaf', 'Oakleaf']",2
229,OceanBreeze,['OceanBreeze'],1
230,Oliive,['Oliive'],1
231,Oliveristrying,['Oliveristrying'],1
232,Onceuponafeather,['Onceuponafeather'],1
233,Opal7,['Opal7'],1
234,Oregonlady28,['Oregonlady28'],1
235,Owl12,['Owl12'],1
236,OwlLover23,['OwlLover23'],1
237,Peachgirl43 ,['Peachgirl43 '],1
238,Periodicmemes,['Periodicmemes'],1
239,PhoenixGirl,"['PhoenixGirl', 'PhoenixGirl', 'PhoenixGirl']",3
240,Pjak0226,['Pjak0226'],1
241,PlantNanny,['PlantNanny'],1
242,Planteater ,"['Planteater ', 'Planteater ', 'Planteater ', 'Planteater ', 'Planteater ', 'Planteater ']",6
243,Potterhead4life,['Potterhead4life'],1
244,Pretty.panda8,['Pretty.panda8'],1
245,Purple3,['Purple3'],1
246,PurpleCat117,['PurpleCat117'],1
247,Raneestevens,['Raneestevens'],1
248,Readinggirl ,"['Readinggirl ', 'Readinggirl ', 'Readinggirl ', 'Readinggirl ', 'Readinggirl ', 'Readinggirl ', 'Readinggirl ', 'Readinggirl ', 'Readinggirl ', 'Readinggirl ', 'Readinggirl ', 'Readinggirl ', 'Readinggirl ', 'Readinggirl ', 'Readinggirl ', 'Readinggirl ', 'Readinggirl ', 'Readinggirl ']",18
249,Ready2Recover,['Ready2Recover'],1
250,Rearl13,['Rearl13'],1
251,Rebecca53,['Rebecca53'],1
252,RedheadGl,['RedheadGl'],1
253,RightHereWithYou,"['RightHereWithYou', 'RightHereWithYou', 'RightHereWithYou']",3
254,RiverofWolves,['RiverofWolves'],1
255,Rose99,['Rose99'],1
256,RoseyNosed,['RoseyNosed'],1
257,SHesleddy,['SHesleddy'],1
258,SPARKLE83,"['SPARKLE83', 'SPARKLE83']",2
259,Sally_a_b,['Sally_a_b'],1
260,Samira,['Samira'],1
261,Sammie34,['Sammie34'],1
262,SammyMunch,['SammyMunch'],1
263,SandorLovas,['SandorLovas'],1
264,Sarah0990,['Sarah0990'],1
265,Savedbygrace ,"['Savedbygrace ', 'Savedbygrace ', 'Savedbygrace ', 'Savedbygrace ', 'Savedbygrace ', 'Savedbygrace ', 'Savedbygrace ', 'Savedbygrace ', 'Savedbygrace ', 'Savedbygrace ', 'Savedbygrace ', 'Savedbygrace ', 'Savedbygrace ', 'Savedbygrace ', 'Savedbygrace ', 'Savedbygrace ', 'Savedbygrace ', 'Savedbygrace ', 'Savedbygrace ', 'Savedbygrace ', 'Savedbygrace ', 'Savedbygrace ', 'Savedbygrace ', 'Savedbygrace ', 'Savedbygrace ', 'Savedbygrace ', 'Savedbygrace ', 'Savedbygrace ', 'Savedbygrace ', 'Savedbygrace ', 'Savedbygrace ', 'Savedbygrace ', 'Savedbygrace ', 'Savedbygrace ', 'Savedbygrace ', 'Savedbygrace ', 'Savedbygrace ', 'Savedbygrace ', 'Savedbygrace ', 'Savedbygrace ', 'Savedbygrace ', 'Savedbygrace ', 'Savedbygrace ', 'Savedbygrace ', 'Savedbygrace ', 'Savedbygrace ', 'Savedbygrace ', 'Savedbygrace ', 'Savedbygrace ', 'Savedbygrace ', 'Savedbygrace ', 'Savedbygrace ', 'Savedbygrace ', 'Savedbygrace ', 'Savedbygrace ', 'Savedbygrace ', 'Savedbygrace ', 'Savedbygrace ', 'Savedbygrace ', 'Savedbygrace ', 'Savedbygrace ', 'Savedbygrace ', 'Savedbygrace ', 'Savedbygrace ', 'Savedbygrace ', 'Savedbygrace ', 'Savedbygrace ', 'Savedbygrace ', 'Savedbygrace ', 'Savedbygrace ', 'Savedbygrace ', 'Savedbygrace ', 'Savedbygrace ', 'Savedbygrace ', 'Savedbygrace ', 'Savedbygrace ', 'Savedbygrace ', 'Savedbygrace ', 'Savedbygrace ', 'Savedbygrace ', 'Savedbygrace ', 'Savedbygrace ', 'Savedbygrace ', 'Savedbygrace ', 'Savedbygrace ', 'Savedbygrace ', 'Savedbygrace ', 'Savedbygrace ', 'Savedbygrace ', 'Savedbygrace ', 'Savedbygrace ', 'Savedbygrace ', 'Savedbygrace ', 'Savedbygrace ', 'Savedbygrace ', 'Savedbygrace ', 'Savedbygrace ', 'Savedbygrace ', 'Savedbygrace ', 'Savedbygrace ', 'Savedbygrace ', 'Savedbygrace ', 'Savedbygrace ', 'Savedbygrace ', 'Savedbygrace ', 'Savedbygrace ', 'Savedbygrace ', 'Savedbygrace ', 'Savedbygrace ', 'Savedbygrace ', 'Savedbygrace ', 'Savedbygrace ', 'Savedbygrace ', 'Savedbygrace ', 'Savedbygrace ', 'Savedbygrace ', 'Savedbygrace ', 'Savedbygrace ', 'Savedbygrace ', 'Savedbygrace ', 'Savedbygrace ', 'Savedbygrace ', 'Savedbygrace ', 'Savedbygrace ', 'Savedbygrace ', 'Savedbygrace ', 'Savedbygrace ', 'Savedbygrace ', 'Savedbygrace ', 'Savedbygrace ', 'Savedbygrace ', 'Savedbygrace ', 'Savedbygrace ', 'Savedbygrace ', 'Savedbygrace ', 'Savedbygrace ', 'Savedbygrace ', 'Savedbygrace ', 'Savedbygrace ', 'Savedbygrace ', 'Savedbygrace ', 'Savedbygrace ', 'Savedbygrace ', 'Savedbygrace ', 'Savedbygrace ', 'Savedbygrace ', 'Savedbygrace ', 'Savedbygrace ', 'Savedbygrace ', 'Savedbygrace ', 'Savedbygrace ', 'Savedbygrace ', 'Savedbygrace ', 'Savedbygrace ', 'Savedbygrace ', 'Savedbygrace ', 'Savedbygrace ', 'Savedbygrace ', 'Savedbygrace ', 'Savedbygrace ', 'Savedbygrace ', 'Savedbygrace ', 'Savedbygrace ', 'Savedbygrace ', 'Savedbygrace ', 'Savedbygrace ', 'Savedbygrace ', 'Savedbygrace ', 'Savedbygrace ', 'Savedbygrace ', 'Savedbygrace ', 'Savedbygrace ', 'Savedbygrace ', 'Savedbygrace ', 'Savedbygrace ', 'Savedbygrace ', 'Savedbygrace ', 'Savedbygrace ', 'Savedbygrace ', 'Savedbygrace ', 'Savedbygrace ', 'Savedbygrace ', 'Savedbygrace ', 'Savedbygrace ', 'Savedbygrace ', 'Savedbygrace ', 'Savedbygrace ', 'Savedbygrace ', 'Savedbygrace ', 'Savedbygrace ', 'Savedbygrace ', 'Savedbygrace ', 'Savedbygrace ', 'Savedbygrace ', 'Savedbygrace ', 'Savedbygrace ', 'Savedbygrace ']",197
266,Scout1,['Scout1'],1
267,Selizabeth22,['Selizabeth22'],1
268,Shaina28,"['Shaina28', 'Shaina28', 'Shaina28', 'Shaina28', 'Shaina28', 'Shaina28', 'Shaina28', 'Shaina28', 'Shaina28', 'Shaina28', 'Shaina28']",11
269,ShelbyS,['ShelbyS'],1
270,Sheldonesque,['Sheldonesque'],1
271,Shellie,"['Shellie', 'Shellie', 'Shellie', 'Shellie', 'Shellie']",5
272,SideNote,['SideNote'],1
273,SimplyPari,['SimplyPari'],1
274,Smrekca13,['Smrekca13'],1
275,SoDpT21,['SoDpT21'],1
276,SpaceCat,['SpaceCat'],1
277,Sra12345,['Sra12345'],1
278,Starry55,"['Starry55', 'Starry55', 'Starry55', 'Starry55', 'Starry55', 'Starry55', 'Starry55', 'Starry55', 'Starry55', 'Starry55']",10
279,Stazia,['Stazia'],1
280,Steff,"['Steff', 'Steff']",2
281,Stephanieo2000,['Stephanieo2000'],1
282,Sugar1985,['Sugar1985'],1
283,Sunshine2658,['Sunshine2658'],1
284,Suze2,"['Suze2', 'Suze2', 'Suze2', 'Suze2', 'Suze2', 'Suze2', 'Suze2', 'Suze2', 'Suze2']",9
285,Sweetiepie789,['Sweetiepie789'],1
286,Tarheel1486,['Tarheel1486'],1
287,Taros,['Taros'],1
288,TaterM,['TaterM'],1
289,Tayhueb,['Tayhueb'],1
290,Teruru,['Teruru'],1
291,Textbookcase,['Textbookcase'],1
292,Tigger2406,"['Tigger2406', 'Tigger2406']",2
293,TimeToShine,"['TimeToShine', 'TimeToShine', 'TimeToShine', 'TimeToShine', 'TimeToShine', 'TimeToShine', 'TimeToShine', 'TimeToShine', 'TimeToShine', 'TimeToShine', 'TimeToShine', 'TimeToShine', 'TimeToShine', 'TimeToShine', 'TimeToShine', 'TimeToShine', 'TimeToShine']",17
294,Tobin1126,['Tobin1126'],1
295,Tony79,"['Tony79', 'Tony79']",2
296,Trimegaco,['Trimegaco'],1
297,Truce38,['Truce38'],1
298,Tryagain,['Tryagain'],1
299,Tryingtoridethe...,['Tryingtoridethe...'],1
300,UnderTheRadar ,['UnderTheRadar '],1
301,Vanesa_C,['Vanesa_C'],1
302,Vimpg12,['Vimpg12'],1
303,VolandoAlto,['VolandoAlto'],1
304,WalnutBlast,['WalnutBlast'],1
305,Willingness,['Willingness'],1
306,WriteItOut,"['WriteItOut', 'WriteItOut', 'WriteItOut', 'WriteItOut', 'WriteItOut', 'WriteItOut']",6
307,Yanabug,['Yanabug'],1
308,Yasmin,['Yasmin'],1
309,Yayanats,['Yayanats'],1
310,Yogalady83,['Yogalady83'],1
311,Zayjay134,['Zayjay134'],1
312,Zoomsm,"['Zoomsm', 'Zoomsm']",2
313,[emailÂ protected],"['[email\xa0protected]', '[email\xa0protected]', '[email\xa0protected]', '[email\xa0protected]', '[email\xa0protected]']",5
314,_Emily_,['_Emily_'],1
315,_kate_,['_kate_'],1
316,abbeylane64,['abbeylane64'],1
317,abbyn13,['abbyn13'],1
318,abe123,['abe123'],1
319,ae3314,['ae3314'],1
320,akas1027,['akas1027'],1
321,akstaab,['akstaab'],1
322,alexrecovers,['alexrecovers'],1
323,alexthe1,['alexthe1'],1
324,alicat,['alicat'],1
325,aliciacovan,['aliciacovan'],1
326,almosthealthy,['almosthealthy'],1
327,alwaysthinking,"['alwaysthinking', 'alwaysthinking', 'alwaysthinking', 'alwaysthinking', 'alwaysthinking', 'alwaysthinking', 'alwaysthinking', 'alwaysthinking', 'alwaysthinking', 'alwaysthinking', 'alwaysthinking', 'alwaysthinking', 'alwaysthinking', 'alwaysthinking', 'alwaysthinking', 'alwaysthinking', 'alwaysthinking', 'alwaysthinking', 'alwaysthinking', 'alwaysthinking', 'alwaysthinking', 'alwaysthinking', 'alwaysthinking', 'alwaysthinking', 'alwaysthinking', 'alwaysthinking', 'alwaysthinking', 'alwaysthinking', 'alwaysthinking', 'alwaysthinking', 'alwaysthinking', 'alwaysthinking', 'alwaysthinking', 'alwaysthinking', 'alwaysthinking', 'alwaysthinking', 'alwaysthinking', 'alwaysthinking', 'alwaysthinking', 'alwaysthinking', 'alwaysthinking', 'alwaysthinking', 'alwaysthinking', 'alwaysthinking', 'alwaysthinking', 'alwaysthinking', 'alwaysthinking', 'alwaysthinking', 'alwaysthinking', 'alwaysthinking', 'alwaysthinking', 'alwaysthinking', 'alwaysthinking', 'alwaysthinking', 'alwaysthinking', 'alwaysthinking', 'alwaysthinking', 'alwaysthinking', 'alwaysthinking', 'alwaysthinking', 'alwaysthinking', 'alwaysthinking', 'alwaysthinking', 'alwaysthinking', 'alwaysthinking', 'alwaysthinking', 'alwaysthinking', 'alwaysthinking', 'alwaysthinking', 'alwaysthinking', 'alwaysthinking', 'alwaysthinking', 'alwaysthinking', 'alwaysthinking', 'alwaysthinking', 'alwaysthinking', 'alwaysthinking', 'alwaysthinking', 'alwaysthinking', 'alwaysthinking', 'alwaysthinking']",81
328,alwaysunsure,"['alwaysunsure', 'alwaysunsure', 'alwaysunsure', 'alwaysunsure']",4
329,alyssajoy99,['alyssajoy99'],1
330,amb28,['amb28'],1
331,amistrong,"['amistrong', 'amistrong', 'amistrong', 'amistrong', 'amistrong', 'amistrong']",6
332,amos100,['amos100'],1
333,andwewilllive,['andwewilllive'],1
334,aneely1099,['aneely1099'],1
335,angst,['angst'],1
336,ankaszutek,['ankaszutek'],1
337,anna118,['anna118'],1
338,annie11,['annie11'],1
339,anon20,['anon20'],1
340,anon2001,['anon2001'],1
341,anon88,"['anon88', 'anon88', 'anon88']",3
342,anonyme,['anonyme'],1
343,anonymousSD,['anonymousSD'],1
344,anonymoused,['anonymoused'],1
345,ape130,"['ape130', 'ape130', 'ape130', 'ape130', 'ape130', 'ape130', 'ape130', 'ape130']",8
346,ariberri,['ariberri'],1
347,artful_coffee_addict,['artful_coffee_addict'],1
348,arya6,['arya6'],1
349,as107,['as107'],1
350,ashley91103,['ashley91103'],1
351,ashwoodmargret,"['ashwoodmargret', 'ashwoodmargret', 'ashwoodmargret', 'ashwoodmargret']",4
352,austenite,['austenite'],1
353,avadove858,['avadove858'],1
354,aynatrats,['aynatrats'],1
355,baula,['baula'],1
356,beachlover,['beachlover'],1
357,beccaenos,['beccaenos'],1
358,beckye,['beckye'],1
359,behnesah,['behnesah'],1
360,bensurvivor,['bensurvivor'],1
361,berryrose,['berryrose'],1
362,besskarn,['besskarn'],1
363,blackcat91,['blackcat91'],1
364,blahblahblah,"['blahblahblah', 'blahblahblah']",2
365,blaze627,['blaze627'],1
366,blogsamio,['blogsamio'],1
367,blondiegirl,['blondiegirl'],1
368,bluebunny,['bluebunny'],1
369,bluelight,['bluelight'],1
370,bnyanez,['bnyanez'],1
371,britsticks123,['britsticks123'],1
372,brokenwings,"['brokenwings', 'brokenwings']",2
373,bunny18,['bunny18'],1
374,busybee,['busybee'],1
375,butterfly3000,['butterfly3000'],1
376,bygodsgrace,['bygodsgrace'],1
377,c.cake214,['c.cake214'],1
378,c2000,['c2000'],1
379,caaarrrrrllll,['caaarrrrrllll'],1
380,cakester710,"['cakester710', 'cakester710']",2
381,camelia1118,['camelia1118'],1
382,catherine-h,['catherine-h'],1
383,cats4me,['cats4me'],1
384,chloetxng ,['chloetxng '],1
385,chloevt,['chloevt'],1
386,choosingrecovery,['choosingrecovery'],1
387,chroniko,['chroniko'],1
388,chrysanthemym,['chrysanthemym'],1
389,chunkymonkey68,"['chunkymonkey68', 'chunkymonkey68', 'chunkymonkey68', 'chunkymonkey68', 'chunkymonkey68', 'chunkymonkey68', 'chunkymonkey68', 'chunkymonkey68', 'chunkymonkey68', 'chunkymonkey68', 'chunkymonkey68', 'chunkymonkey68', 'chunkymonkey68', 'chunkymonkey68', 'chunkymonkey68', 'chunkymonkey68', 'chunkymonkey68', 'chunkymonkey68', 'chunkymonkey68', 'chunkymonkey68', 'chunkymonkey68', 'chunkymonkey68', 'chunkymonkey68', 'chunkymonkey68', 'chunkymonkey68', 'chunkymonkey68', 'chunkymonkey68', 'chunkymonkey68', 'chunkymonkey68', 'chunkymonkey68', 'chunkymonkey68', 'chunkymonkey68', 'chunkymonkey68', 'chunkymonkey68', 'chunkymonkey68', 'chunkymonkey68', 'chunkymonkey68', 'chunkymonkey68', 'chunkymonkey68', 'chunkymonkey68', 'chunkymonkey68', 'chunkymonkey68', 'chunkymonkey68', 'chunkymonkey68', 'chunkymonkey68', 'chunkymonkey68', 'chunkymonkey68', 'chunkymonkey68', 'chunkymonkey68', 'chunkymonkey68', 'chunkymonkey68', 'chunkymonkey68', 'chunkymonkey68', 'chunkymonkey68', 'chunkymonkey68', 'chunkymonkey68', 'chunkymonkey68', 'chunkymonkey68', 'chunkymonkey68', 'chunkymonkey68', 'chunkymonkey68', 'chunkymonkey68', 'chunkymonkey68', 'chunkymonkey68', 'chunkymonkey68', 'chunkymonkey68']",66
390,cielastella,['cielastella'],1
391,cin110,['cin110'],1
392,citrusfriend,"['citrusfriend', 'citrusfriend', 'citrusfriend']",3
393,clarity582,['clarity582'],1
394,claudyskies,['claudyskies'],1
395,conflicted,['conflicted'],1
396,confusedasf,"['confusedasf', 'confusedasf', 'confusedasf', 'confusedasf']",4
397,conquestofbread,['conquestofbread'],1
398,crazyplantlady,['crazyplantlady'],1
399,crooked_heart,"['crooked_heart', 'crooked_heart']",2
400,cs777,"['cs777', 'cs777', 'cs777']",3
401,curly.m18,['curly.m18'],1
402,dahlialady,['dahlialady'],1
403,daisy18,['daisy18'],1
404,daisymay,['daisymay'],1
405,daisypatterson,['daisypatterson'],1
406,damagedgoods,['damagedgoods'],1
407,danaaxox,['danaaxox'],1
408,dancer22,['dancer22'],1
409,darkangel88,"['darkangel88', 'darkangel88', 'darkangel88']",3
410,dee_em18,['dee_em18'],1
411,deedee0705,['deedee0705'],1
412,deuxchartreuse,['deuxchartreuse'],1
413,dianneesmuytriste,"['dianneesmuytriste', 'dianneesmuytriste', 'dianneesmuytriste']",3
414,diggles,['diggles'],1
415,document.my.rui...,['document.my.rui...'],1
416,donna2,"['donna2', 'donna2', 'donna2', 'donna2']",4
417,dorothy0322,['dorothy0322'],1
418,dot12345,['dot12345'],1
419,dsprte4hope,['dsprte4hope'],1
420,dvtlss003,['dvtlss003'],1
421,eamcclelland,['eamcclelland'],1
422,el1993,['el1993'],1
423,emem63,"['emem63', 'emem63', 'emem63']",3
424,emilyleigh43,"['emilyleigh43', 'emilyleigh43']",2
425,emp467,['emp467'],1
426,emscip,['emscip'],1
427,emstacy,['emstacy'],1
428,equillibrium,['equillibrium'],1
429,erratikaria,['erratikaria'],1
430,eveh0514,['eveh0514'],1
431,fannycat,"['fannycat', 'fannycat']",2
432,ficus_lyrata,['ficus_lyrata'],1
433,fightingbee,"['fightingbee', 'fightingbee', 'fightingbee']",3
434,finding_selflove,['finding_selflove'],1
435,findinglei,['findinglei'],1
436,flowerflow,['flowerflow'],1
437,foodconfused,['foodconfused'],1
438,fragilecapricorn,['fragilecapricorn'],1
439,futurenurse18,['futurenurse18'],1
440,gatsbyrules,['gatsbyrules'],1
441,getbetterbb,['getbetterbb'],1
442,gg_77,['gg_77'],1
443,ghiligirl,['ghiligirl'],1
444,girlsrule123,"['girlsrule123', 'girlsrule123', 'girlsrule123', 'girlsrule123', 'girlsrule123', 'girlsrule123', 'girlsrule123', 'girlsrule123', 'girlsrule123']",9
445,gm427,['gm427'],1
446,gnatul8r,['gnatul8r'],1
447,gottagetbetterdahlia,['gottagetbetterdahlia'],1
448,gracem12,['gracem12'],1
449,gretchs13,['gretchs13'],1
450,gymfanatic55,['gymfanatic55'],1
451,haigiacmo123,['haigiacmo123'],1
452,haleynicole,['haleynicole'],1
453,halleyadriana,['halleyadriana'],1
454,haywiz5584,['haywiz5584'],1
455,healn,"['healn', 'healn', 'healn']",3
456,heidik,['heidik'],1
457,herewegoagain,"['herewegoagain', 'herewegoagain']",2
458,himang,"['himang', 'himang']",2
459,hipolkm,['hipolkm'],1
460,hope4ever,['hope4ever'],1
461,horse,['horse'],1
462,hortenzia,['hortenzia'],1
463,hvtk20,['hvtk20'],1
464,hyacynthe,"['hyacynthe', 'hyacynthe', 'hyacynthe']",3
465,hyeli721,['hyeli721'],1
466,icanandiwill33,"['icanandiwill33', 'icanandiwill33']",2
467,iceprincess,['iceprincess'],1
468,illgetthere,"['illgetthere', 'illgetthere']",2
469,immortalturtle,"['immortalturtle', 'immortalturtle', 'immortalturtle', 'immortalturtle', 'immortalturtle', 'immortalturtle', 'immortalturtle', 'immortalturtle', 'immortalturtle', 'immortalturtle']",10
470,imstillgrowing,"['imstillgrowing', 'imstillgrowing', 'imstillgrowing', 'imstillgrowing', 'imstillgrowing', 'imstillgrowing', 'imstillgrowing']",7
471,itsbeenalongtime,['itsbeenalongtime'],1
472,itsok,['itsok'],1
473,iwanttolive,"['iwanttolive', 'iwanttolive', 'iwanttolive', 'iwanttolive', 'iwanttolive', 'iwanttolive', 'iwanttolive', 'iwanttolive', 'iwanttolive', 'iwanttolive', 'iwanttolive', 'iwanttolive', 'iwanttolive', 'iwanttolive', 'iwanttolive', 'iwanttolive', 'iwanttolive', 'iwanttolive', 'iwanttolive', 'iwanttolive', 'iwanttolive', 'iwanttolive', 'iwanttolive', 'iwanttolive', 'iwanttolive', 'iwanttolive', 'iwanttolive', 'iwanttolive', 'iwanttolive', 'iwanttolive', 'iwanttolive', 'iwanttolive', 'iwanttolive', 'iwanttolive', 'iwanttolive', 'iwanttolive', 'iwanttolive', 'iwanttolive', 'iwanttolive', 'iwanttolive', 'iwanttolive', 'iwanttolive', 'iwanttolive', 'iwanttolive', 'iwanttolive', 'iwanttolive', 'iwanttolive', 'iwanttolive', 'iwanttolive', 'iwanttolive', 'iwanttolive', 'iwanttolive', 'iwanttolive', 'iwanttolive', 'iwanttolive', 'iwanttolive', 'iwanttolive', 'iwanttolive', 'iwanttolive', 'iwanttolive', 'iwanttolive', 'iwanttolive', 'iwanttolive', 'iwanttolive', 'iwanttolive', 'iwanttolive', 'iwanttolive', 'iwanttolive', 'iwanttolive', 'iwanttolive', 'iwanttolive', 'iwanttolive', 'iwanttolive', 'iwanttolive', 'iwanttolive', 'iwanttolive', 'iwanttolive', 'iwanttolive', 'iwanttolive', 'iwanttolive', 'iwanttolive', 'iwanttolive', 'iwanttolive', 'iwanttolive', 'iwanttolive', 'iwanttolive', 'iwanttolive', 'iwanttolive', 'iwanttolive', 'iwanttolive', 'iwanttolive', 'iwanttolive', 'iwanttolive', 'iwanttolive', 'iwanttolive', 'iwanttolive', 'iwanttolive', 'iwanttolive', 'iwanttolive', 'iwanttolive', 'iwanttolive', 'iwanttolive', 'iwanttolive', 'iwanttolive', 'iwanttolive', 'iwanttolive', 'iwanttolive', 'iwanttolive', 'iwanttolive', 'iwanttolive', 'iwanttolive', 'iwanttolive', 'iwanttolive', 'iwanttolive', 'iwanttolive', 'iwanttolive']",116
474,izzybkn13,['izzybkn13'],1
475,izzypizzy,['izzypizzy'],1
476,jackiekales,['jackiekales'],1
477,jakerabbit25,['jakerabbit25'],1
478,jakjak74,['jakjak74'],1
479,jakthebomb,['jakthebomb'],1
480,jammy_pluto,['jammy_pluto'],1
481,janesaddiction9696,['janesaddiction9696'],1
482,jarussell,['jarussell'],1
483,jatika,['jatika'],1
484,jb3788,['jb3788'],1
485,jbowling604,"['jbowling604', 'jbowling604', 'jbowling604']",3
486,jbusani,['jbusani'],1
487,jdwho523,['jdwho523'],1
488,jeansweater,['jeansweater'],1
489,jellybean,['jellybean'],1
490,jester,"['jester', 'jester', 'jester', 'jester']",4
491,jhutch,['jhutch'],1
492,jmakela,['jmakela'],1
493,joannab037,['joannab037'],1
494,jordanh,['jordanh'],1
495,jordanzimmerman,['jordanzimmerman'],1
496,joyquill,['joyquill'],1
497,jpaysawy,['jpaysawy'],1
498,jsokol,['jsokol'],1
499,jssyka,['jssyka'],1
500,julia430,['julia430'],1
501,julie290,['julie290'],1
502,julijuli1,['julijuli1'],1
503,justagirl,"['justagirl', 'justagirl']",2
504,justtryingtofin...,['justtryingtofin...'],1
505,jviv2,['jviv2'],1
506,jvwolfe,['jvwolfe'],1
507,jwick,['jwick'],1
508,kaneishappy,['kaneishappy'],1
509,karenc,"['karenc', 'karenc', 'karenc', 'karenc', 'karenc', 'karenc', 'karenc', 'karenc', 'karenc', 'karenc', 'karenc', 'karenc', 'karenc', 'karenc', 'karenc', 'karenc', 'karenc', 'karenc']",18
510,kassit22,['kassit22'],1
511,kathyxu0729,['kathyxu0729'],1
512,kati_nixie,['kati_nixie'],1
513,katjack,['katjack'],1
514,katlkoon,['katlkoon'],1
515,katplc,['katplc'],1
516,katymacie,"['katymacie', 'katymacie', 'katymacie', 'katymacie']",4
517,kaybird,['kaybird'],1
518,kayel,['kayel'],1
519,kayla233,"['kayla233', 'kayla233', 'kayla233', 'kayla233']",4
520,kaylkw,['kaylkw'],1
521,keeponfighting,['keeponfighting'],1
522,kellyjliu,['kellyjliu'],1
523,kelseyalora,['kelseyalora'],1
524,kereru,['kereru'],1
525,khansen369,['khansen369'],1
526,kke89,['kke89'],1
527,klarity1492,['klarity1492'],1
528,kmurphy777,"['kmurphy777', 'kmurphy777', 'kmurphy777']",3
529,kremb,['kremb'],1
530,krissykares,['krissykares'],1
531,krissywright87,['krissywright87'],1
532,krystenlin,['krystenlin'],1
533,krzak,['krzak'],1
534,kullboys,['kullboys'],1
535,kulyeon,['kulyeon'],1
536,kyboog,['kyboog'],1
537,l0tusbl00m,['l0tusbl00m'],1
538,ladyjane08,['ladyjane08'],1
539,laevender,['laevender'],1
540,laureng,['laureng'],1
541,lek32726,['lek32726'],1
542,letmebefree,['letmebefree'],1
543,lhope3,['lhope3'],1
544,lilyw,['lilyw'],1
545,litlover60,['litlover60'],1
546,littleparkee,['littleparkee'],1
547,live_and_love,['live_and_love'],1
548,livey,['livey'],1
549,livingthedream,['livingthedream'],1
550,lk2469,['lk2469'],1
551,lmd0137,"['lmd0137', 'lmd0137']",2
552,lmike,['lmike'],1
553,loafmom77,['loafmom77'],1
554,lookingforfreedom,['lookingforfreedom'],1
555,lookingforhope,['lookingforhope'],1
556,lostatsea,"['lostatsea', 'lostatsea']",2
557,louise.ss,"['louise.ss', 'louise.ss']",2
558,lovaas,['lovaas'],1
559,lovetowrite81,"['lovetowrite81', 'lovetowrite81', 'lovetowrite81']",3
560,lovewitch,['lovewitch'],1
561,lrae13,['lrae13'],1
562,lucyjennifer,['lucyjennifer'],1
563,lupiebutterfly,['lupiebutterfly'],1
564,lydstar,['lydstar'],1
565,lynn42,['lynn42'],1
566,mackie11,['mackie11'],1
567,maidenpersephone,['maidenpersephone'],1
568,mandycc2419,['mandycc2419'],1
569,mariaisjesus,['mariaisjesus'],1
570,maryems,['maryems'],1
571,maryy.ainsworth,"['maryy.ainsworth', 'maryy.ainsworth', 'maryy.ainsworth']",3
572,massshha,['massshha'],1
573,maurakownacki,"['maurakownacki', 'maurakownacki', 'maurakownacki', 'maurakownacki', 'maurakownacki', 'maurakownacki', 'maurakownacki']",7
574,may123,['may123'],1
575,mazo_burvi,['mazo_burvi'],1
576,mazzystar08,['mazzystar08'],1
577,meadowgirl,['meadowgirl'],1
578,meagan1995,['meagan1995'],1
579,meerkat123,"['meerkat123', 'meerkat123', 'meerkat123', 'meerkat123', 'meerkat123', 'meerkat123']",6
580,meggspaul,['meggspaul'],1
581,meghan5,['meghan5'],1
582,mel1994,['mel1994'],1
583,melhelen,['melhelen'],1
584,mentallyexhausted,['mentallyexhausted'],1
585,mercedes1974,['mercedes1974'],1
586,mg1987,['mg1987'],1
587,mhankes,"['mhankes', 'mhankes', 'mhankes', 'mhankes', 'mhankes']",5
588,mhbw13,"['mhbw13', 'mhbw13', 'mhbw13']",3
589,micayla9320,['micayla9320'],1
590,mich678,['mich678'],1
591,midwestinthecity,['midwestinthecity'],1
592,millym,['millym'],1
593,mindoficeandfire,"['mindoficeandfire', 'mindoficeandfire', 'mindoficeandfire']",3
594,mmsvw5,"['mmsvw5', 'mmsvw5']",2
595,moonlight,['moonlight'],1
596,moontrippers,"['moontrippers', 'moontrippers']",2
597,moranam,['moranam'],1
598,morethanexisting,['morethanexisting'],1
599,mstra,['mstra'],1
600,musicalrider413 ,['musicalrider413 '],1
601,mxrinx.jpg,['mxrinx.jpg'],1
602,my_dysphoria_is...,['my_dysphoria_is...'],1
603,nasushtebazile,['nasushtebazile'],1
604,need2befree,['need2befree'],1
605,neems13,"['neems13', 'neems13']",2
606,nela2012,['nela2012'],1
607,neverland,"['neverland', 'neverland', 'neverland', 'neverland', 'neverland', 'neverland', 'neverland', 'neverland', 'neverland', 'neverland', 'neverland']",11
608,nikittyy,"['nikittyy', 'nikittyy']",2
609,nikkiroth15,['nikkiroth15'],1
610,nitsirksnej,['nitsirksnej'],1
611,nobodyspecial,"['nobodyspecial', 'nobodyspecial', 'nobodyspecial', 'nobodyspecial', 'nobodyspecial']",5
612,noeai,['noeai'],1
613,nonirunsalot,['nonirunsalot'],1
614,nullrecovery,['nullrecovery'],1
615,ohshruti,['ohshruti'],1
616,oleg135,['oleg135'],1
617,olivebean,['olivebean'],1
618,onedayatatime222,['onedayatatime222'],1
619,oooof358,"['oooof358', 'oooof358']",2
620,ouiners,['ouiners'],1
621,ozzie,['ozzie'],1
622,paaaawl,['paaaawl'],1
623,paintedunicorn,['paintedunicorn'],1
624,palcol,['palcol'],1
625,pallmalls,['pallmalls'],1
626,passingtime,['passingtime'],1
627,peacefulprinter214,['peacefulprinter214'],1
628,pesewla,['pesewla'],1
629,pestopasta,['pestopasta'],1
630,pewderpedigree,['pewderpedigree'],1
631,ponds,['ponds'],1
632,poppyj,['poppyj'],1
633,prc29,['prc29'],1
634,problematicfave,['problematicfave'],1
635,psyched,['psyched'],1
636,pub03,"['pub03', 'pub03']",2
637,purple12,['purple12'],1
638,questions,['questions'],1
639,rach1707,['rach1707'],1
640,rachelleebou,['rachelleebou'],1
641,rainbowgirl,"['rainbowgirl', 'rainbowgirl']",2
642,raw_novelty,['raw_novelty'],1
643,recovery_for_my...,['recovery_for_my...'],1
644,redblue,['redblue'],1
645,relaspestruggles,['relaspestruggles'],1
646,remily342,"['remily342', 'remily342']",2
647,reset,['reset'],1
648,rhysbun,['rhysbun'],1
649,rivuh,['rivuh'],1
650,rlib1106,['rlib1106'],1
651,rocket1216,['rocket1216'],1
652,roseec,['roseec'],1
653,roserose16,['roserose16'],1
654,rosiii,['rosiii'],1
655,rryp37,['rryp37'],1
656,rw1234,['rw1234'],1
657,s.boewer,"['s.boewer', 's.boewer', 's.boewer', 's.boewer', 's.boewer', 's.boewer', 's.boewer', 's.boewer', 's.boewer', 's.boewer', 's.boewer', 's.boewer', 's.boewer', 's.boewer', 's.boewer', 's.boewer', 's.boewer']",17
658,sammieketo,['sammieketo'],1
659,sanbar00,['sanbar00'],1
660,sandragahlinger,['sandragahlinger'],1
661,sarahniamhy,['sarahniamhy'],1
662,sarcares,"['sarcares', 'sarcares', 'sarcares', 'sarcares', 'sarcares', 'sarcares', 'sarcares', 'sarcares']",8
663,savedbyfood,"['savedbyfood', 'savedbyfood']",2
664,ser2013,['ser2013'],1
665,serena2019,['serena2019'],1
666,serenity4794,['serenity4794'],1
667,sesapsr,['sesapsr'],1
668,shells,['shells'],1
669,shvrlne,['shvrlne'],1
670,siejwiatr,['siejwiatr'],1
671,silverstars,"['silverstars', 'silverstars', 'silverstars', 'silverstars', 'silverstars']",5
672,sjwtmann,['sjwtmann'],1
673,sleepybubbles,['sleepybubbles'],1
674,smallsteps123,['smallsteps123'],1
675,soccermama,['soccermama'],1
676,sofiore,['sofiore'],1
677,sofsofs,['sofsofs'],1
678,songbird1206,['songbird1206'],1
679,sophiebigpanda2...,['sophiebigpanda2...'],1
680,sophiebuchanan,['sophiebuchanan'],1
681,sophieharleyeva,['sophieharleyeva'],1
682,spaceyandsweet82,"['spaceyandsweet82', 'spaceyandsweet82']",2
683,sportygirl,"['sportygirl', 'sportygirl', 'sportygirl', 'sportygirl', 'sportygirl', 'sportygirl', 'sportygirl', 'sportygirl', 'sportygirl', 'sportygirl', 'sportygirl', 'sportygirl', 'sportygirl', 'sportygirl', 'sportygirl']",15
684,sproutemy,['sproutemy'],1
685,stayingpositive,"['stayingpositive', 'stayingpositive', 'stayingpositive', 'stayingpositive']",4
686,stella.survives,['stella.survives'],1
687,stephgreen,['stephgreen'],1
688,struggleisreal,['struggleisreal'],1
689,suef61,['suef61'],1
690,sunshinesurf,['sunshinesurf'],1
691,suomynona,['suomynona'],1
692,supertaster,['supertaster'],1
693,swiftowlgirl,['swiftowlgirl'],1
694,taliak,['taliak'],1
695,taupelle,"['taupelle', 'taupelle']",2
696,tayycassidy96,['tayycassidy96'],1
697,tcwarwick,['tcwarwick'],1
698,tea.time,"['tea.time', 'tea.time']",2
699,thepugisin,['thepugisin'],1
700,thewitcher3isth...,['thewitcher3isth...'],1
701,thinkin-,['thinkin-'],1
702,thirdtime ,['thirdtime '],1
703,thursdaygirl,['thursdaygirl'],1
704,tiff0089,"['tiff0089', 'tiff0089', 'tiff0089']",3
705,timesnewramen,['timesnewramen'],1
706,tiya.l,['tiya.l'],1
707,torismith1,['torismith1'],1
708,tryingbutconfused,"['tryingbutconfused', 'tryingbutconfused', 'tryingbutconfused', 'tryingbutconfused']",4
709,tryingmybest,['tryingmybest'],1
710,tryingtobebrave,"['tryingtobebrave', 'tryingtobebrave', 'tryingtobebrave', 'tryingtobebrave', 'tryingtobebrave', 'tryingtobebrave', 'tryingtobebrave']",7
711,tylersz,['tylersz'],1
712,unknown,['unknown'],1
713,unsure1,['unsure1'],1
714,valdancer,['valdancer'],1
715,vetgirl1216,"['vetgirl1216', 'vetgirl1216']",2
716,virgojab,"['virgojab', 'virgojab']",2
717,vordloldemort,['vordloldemort'],1
718,wanz44,['wanz44'],1
719,wbell828,['wbell828'],1
720,westchestereg,['westchestereg'],1
721,wheredyougobern...,['wheredyougobern...'],1
722,whovian4ever,['whovian4ever'],1
723,wishtree,['wishtree'],1
724,withherownwings,['withherownwings'],1
725,wolffs,['wolffs'],1
726,wwhale,"['wwhale', 'wwhale', 'wwhale']",3
727,xamywhitex,['xamywhitex'],1
728,xbuderflyx12,['xbuderflyx12'],1
729,youarebeautiful,['youarebeautiful'],1
730,yozzz,['yozzz'],1
731,zenayugen,"['zenayugen', 'zenayugen', 'zenayugen']",3
